{
  "groups": [
    {
      "groupFriendlyName": "Informatia ta",
      "fields": [
        {
          "fieldKey": "firstName",
          "fieldFriendlyName": "Nume",
          "uiFieldDescriptionText": "Nume"
        },
        {
          "fieldKey": "lastName",
          "fieldFriendlyName": "Numele de familie",
          "uiFieldDescriptionText": "Numele de familie"
        },
        {
          "fieldKey": "placeOfBirth",
          "fieldFriendlyName": "Locul nașterii",
          "uiFieldDescriptionText": "Locul nașterii"
        },
        {
          "fieldKey": "middleInitial",
          "fieldFriendlyName": "Inițială de mijloc",
          "uiFieldDescriptionText": "Inițială de mijloc"
        },
        {
          "fieldKey": "nationality",
          "fieldFriendlyName": "Naţionalitate",
          "uiFieldDescriptionText": "Naţionalitate"
        },
        {
          "fieldKey": "givenName",
          "fieldFriendlyName": "Nume dat",
          "uiFieldDescriptionText": "Nume dat"
        },
        {
          "fieldKey": "fullName",
          "fieldFriendlyName": "Numele complet",
          "uiFieldDescriptionText": "Numele complet"
        },
        {
          "fieldKey": "dateOfBirth",
          "fieldFriendlyName": "Data de nastere",
          "uiFieldDescriptionText": "Data de nastere"
        },
        {
          "fieldKey": "middleName",
          "fieldFriendlyName": "Al doilea nume",
          "uiFieldDescriptionText": "Al doilea nume"
        }
      ],
      "groupKey": "userInfo"
    },
    {
      "groupFriendlyName": "Adresa ta",
      "fields": [
        {
          "fieldKey": "zipCode",
          "fieldFriendlyName": "Cod postal",
          "uiFieldDescriptionText": "Cod postal"
        },
        {
          "fieldKey": "country",
          "fieldFriendlyName": "Țară",
          "uiFieldDescriptionText": "Țară"
        },
        {
          "fieldKey": "address3",
          "fieldFriendlyName": "Linia de adresa 3",
          "uiFieldDescriptionText": "Linia de adresa3"
        },
        {
          "fieldKey": "province",
          "fieldFriendlyName": "Provincie",
          "uiFieldDescriptionText": "Provincie"
        },
        {
          "fieldKey": "address2",
          "fieldFriendlyName": "Linia de adresa 2",
          "uiFieldDescriptionText": "Linia de adresa 2"
        },
        {
          "fieldKey": "city",
          "fieldFriendlyName": "Oraș",
          "uiFieldDescriptionText": "Oraș"
        },
        {
          "fieldKey": "address1",
          "fieldFriendlyName": "Linia de adresa 1",
          "uiFieldDescriptionText": "Linia de adresa 1"
        },
        {
          "fieldKey": "county",
          "fieldFriendlyName": "judetul",
          "uiFieldDescriptionText": "judetul"
        },
        {
          "fieldKey": "state",
          "fieldFriendlyName": "Stat",
          "uiFieldDescriptionText": "Stat"
        }
      ],
      "groupKey": "addressInfo"
    },
    {
      "groupFriendlyName": "Trăsături fizice și multe altele",
      "fields": [
        {
          "fieldKey": "sex",
          "fieldFriendlyName": "Genul",
          "uiFieldDescriptionText": "Genul"
        },
        {
          "fieldKey": "weight",
          "fieldFriendlyName": "Greutate",
          "uiFieldDescriptionText": "Greutate"
        },
        {
          "fieldKey": "eyes",
          "fieldFriendlyName": "Ochi",
          "uiFieldDescriptionText": "Ochi"
        },
        {
          "fieldKey": "height",
          "fieldFriendlyName": "Înălţime",
          "uiFieldDescriptionText": "Înălţime"
        }
      ],
      "groupKey": "secondaryUserInfo"
    },
    {
      "groupFriendlyName": "Informații suplimentare",
      "fields": [
        {
          "fieldKey": "customField5",
          "fieldFriendlyName": "Câmp personalizat 5",
          "uiFieldDescriptionText": "Câmp personalizat 5"
        },
        {
          "fieldKey": "customField1",
          "fieldFriendlyName": "Câmp personalizat 1",
          "uiFieldDescriptionText": "Câmp personalizat 1"
        },
        {
          "fieldKey": "customField2",
          "fieldFriendlyName": "Câmp personalizat 2",
          "uiFieldDescriptionText": "Câmp personalizat 2"
        },
        {
          "fieldKey": "customField3",
          "fieldFriendlyName": "Câmp personalizat 3",
          "uiFieldDescriptionText": "Câmp personalizat 3"
        },
        {
          "fieldKey": "customField4",
          "fieldFriendlyName": "Câmp personalizat 4",
          "uiFieldDescriptionText": "Câmp personalizat 4"
        }
      ],
      "groupKey": "customFields"
    },
    {
      "groupFriendlyName": "Detalii de identitate cu fotografie",
      "fields": [
        {
          "fieldKey": "issuingAuthority",
          "fieldFriendlyName": "Autoritatea emitentă",
          "uiFieldDescriptionText": "Autoritatea emitentă"
        },
        {
          "fieldKey": "dateOfExpiration",
          "fieldFriendlyName": "Data expirarii",
          "uiFieldDescriptionText": "Data expirarii"
        },
        {
          "fieldKey": "countryCode",
          "fieldFriendlyName": "Codul tarii",
          "uiFieldDescriptionText": "Codul tarii"
        },
        {
          "fieldKey": "passportType",
          "fieldFriendlyName": "Tip pașaport",
          "uiFieldDescriptionText": "Tip pașaport"
        },
        {
          "fieldKey": "idNumber",
          "fieldFriendlyName": "Numar de identificare",
          "uiFieldDescriptionText": "Numar de identificare"
        },
        {
          "fieldKey": "dateOfIssue",
          "fieldFriendlyName": "Data emiterii",
          "uiFieldDescriptionText": "Data emiterii"
        },
        {
          "fieldKey": "idNumber2",
          "fieldFriendlyName": "Numar de identificare 2",
          "uiFieldDescriptionText": "Numar de identificare 2"
        },
        {
          "fieldKey": "mrzLine3",
          "fieldFriendlyName": "MRZ 3",
          "uiFieldDescriptionText": "MRZ 3"
        },
        {
          "fieldKey": "barcode",
          "fieldFriendlyName": "Cod de bare",
          "uiFieldDescriptionText": "Cod de bare"
        },
        {
          "fieldKey": "mrzLine1",
          "fieldFriendlyName": "MRZ 1",
          "uiFieldDescriptionText": "MRZ 1"
        },
        {
          "fieldKey": "mrzLine2",
          "fieldFriendlyName": "MRZ 2",
          "uiFieldDescriptionText": "MRZ 2"
        }
      ],
      "groupKey": "idInfo"
    }
  ]
}
