{
  "groups": [
    {
      "groupFriendlyName": "Your information",
      "fields": [
        {
          "fieldKey": "firstName",
          "fieldFriendlyName": "First Name",
          "uiFieldDescriptionText": "First Name"
        },
        {
          "fieldKey": "lastName",
          "fieldFriendlyName": "Last Name",
          "uiFieldDescriptionText": "Last Name"
        },
        {
          "fieldKey": "placeOfBirth",
          "fieldFriendlyName": "Place Of Birth",
          "uiFieldDescriptionText": "Place Of Birth"
        },
        {
          "fieldKey": "middleInitial",
          "fieldFriendlyName": "Middle Initial",
          "uiFieldDescriptionText": "Middle Initial"
        },
        {
          "fieldKey": "nationality",
          "fieldFriendlyName": "Nationality",
          "uiFieldDescriptionText": "Nationality"
        },
        {
          "fieldKey": "givenName",
          "fieldFriendlyName": "Given Name",
          "uiFieldDescriptionText": "Given Name"
        },
        {
          "fieldKey": "fullName",
          "fieldFriendlyName": "Full Name",
          "uiFieldDescriptionText": "Full Name"
        },
        {
          "fieldKey": "dateOfBirth",
          "fieldFriendlyName": "Date Of Birth",
          "uiFieldDescriptionText": "Date Of Birth"
        },
        {
          "fieldKey": "middleName",
          "fieldFriendlyName": "Middle Name",
          "uiFieldDescriptionText": "Middle Name"
        }
      ],
      "groupKey": "userInfo"
    },
    {
      "groupFriendlyName": "Your address",
      "fields": [
        {
          "fieldKey": "zipCode",
          "fieldFriendlyName": "Zip Code",
          "uiFieldDescriptionText": "Zip Code"
        },
        {
          "fieldKey": "country",
          "fieldFriendlyName": "Country",
          "uiFieldDescriptionText": "Country"
        },
        {
          "fieldKey": "address3",
          "fieldFriendlyName": "Address Line 3",
          "uiFieldDescriptionText": "Address Line 3"
        },
        {
          "fieldKey": "province",
          "fieldFriendlyName": "Province",
          "uiFieldDescriptionText": "Province"
        },
        {
          "fieldKey": "address2",
          "fieldFriendlyName": "Address Line 2",
          "uiFieldDescriptionText": "Address Line 2"
        },
        {
          "fieldKey": "city",
          "fieldFriendlyName": "City",
          "uiFieldDescriptionText": "City"
        },
        {
          "fieldKey": "address1",
          "fieldFriendlyName": "Address Line 1",
          "uiFieldDescriptionText": "Address Line 1"
        },
        {
          "fieldKey": "county",
          "fieldFriendlyName": "County",
          "uiFieldDescriptionText": "County"
        },
        {
          "fieldKey": "state",
          "fieldFriendlyName": "State",
          "uiFieldDescriptionText": "State"
        }
      ],
      "groupKey": "addressInfo"
    },
    {
      "groupFriendlyName": "Physical traits and more",
      "fields": [
        {
          "fieldKey": "sex",
          "fieldFriendlyName": "Sex",
          "uiFieldDescriptionText": "Sex"
        },
        {
          "fieldKey": "weight",
          "fieldFriendlyName": "Weight",
          "uiFieldDescriptionText": "Weight"
        },
        {
          "fieldKey": "eyes",
          "fieldFriendlyName": "Eyes",
          "uiFieldDescriptionText": "Eyes"
        },
        {
          "fieldKey": "height",
          "fieldFriendlyName": "Height",
          "uiFieldDescriptionText": "Height"
        }
      ],
      "groupKey": "secondaryUserInfo"
    },
    {
      "groupFriendlyName": "Additional Information",
      "fields": [
        {
          "fieldKey": "customField5",
          "fieldFriendlyName": "Custom Field 5",
          "uiFieldDescriptionText": "Custom Field 5"
        },
        {
          "fieldKey": "customField1",
          "fieldFriendlyName": "Custom Field 1",
          "uiFieldDescriptionText": "Custom Field 1"
        },
        {
          "fieldKey": "customField2",
          "fieldFriendlyName": "Custom Field 2",
          "uiFieldDescriptionText": "Custom Field 2"
        },
        {
          "fieldKey": "customField3",
          "fieldFriendlyName": "Custom Field 3",
          "uiFieldDescriptionText": "Custom Field 3"
        },
        {
          "fieldKey": "customField4",
          "fieldFriendlyName": "Custom Field 4",
          "uiFieldDescriptionText": "Custom Field 4"
        }
      ],
      "groupKey": "customFields"
    },
    {
      "groupFriendlyName": "Photo ID details",
      "fields": [
        {
          "fieldKey": "issuingAuthority",
          "fieldFriendlyName": "Issuing Authority",
          "uiFieldDescriptionText": "Issuing Authority"
        },
        {
          "fieldKey": "dateOfExpiration",
          "fieldFriendlyName": "Date Of Expiration",
          "uiFieldDescriptionText": "Date Of Expiration"
        },
        {
          "fieldKey": "countryCode",
          "fieldFriendlyName": "Country Code",
          "uiFieldDescriptionText": "Country Code"
        },
        {
          "fieldKey": "passportType",
          "fieldFriendlyName": "Passport Type",
          "uiFieldDescriptionText": "Passport Type"
        },
        {
          "fieldKey": "idNumber",
          "fieldFriendlyName": "ID Number",
          "uiFieldDescriptionText": "ID Number"
        },
        {
          "fieldKey": "dateOfIssue",
          "fieldFriendlyName": "Date Of Issue",
          "uiFieldDescriptionText": "Date Of Issue"
        },
        {
          "fieldKey": "idNumber2",
          "fieldFriendlyName": "ID Number 2",
          "uiFieldDescriptionText": "ID Number 2"
        },
        {
          "fieldKey": "mrzLine3",
          "fieldFriendlyName": "MRZ 3",
          "uiFieldDescriptionText": "MRZ 3"
        },
        {
          "fieldKey": "barcode",
          "fieldFriendlyName": "Barcode",
          "uiFieldDescriptionText": "Barcode"
        },
        {
          "fieldKey": "mrzLine1",
          "fieldFriendlyName": "MRZ 1",
          "uiFieldDescriptionText": "MRZ 1"
        },
        {
          "fieldKey": "mrzLine2",
          "fieldFriendlyName": "MRZ 2",
          "uiFieldDescriptionText": "MRZ 2"
        }
      ],
      "groupKey": "idInfo"
    }
  ]
}
